INSERT INTO usuario (id, nombre, apellidos, dni, telefono, email, direccion, contrasena, rol) VALUES
(2,'Carlos','Gomez Ruiz','12345678A','600111222','carlos@gmail.com','Calle Mayor 12','1234','CLIENTE'),
(3,'Laura','Martinez Lopez','23456789B','600222333','laura@gmail.com','Av. Andalucia 45','1234','CLIENTE'),
(4,'Miguel','Sanchez Perez','34567890C','600333444','miguel@gmail.com','Calle Sol 8','1234','CLIENTE'),
(5,'Lucia','Fernandez Diaz','45678901D','600444555','lucia@gmail.com','Calle Luna 22','1234','CLIENTE'),
(6,'Javier','Torres Moreno','56789012E','600555666','javier@gmail.com','Calle Norte 5','1234','CLIENTE'),
(7,'Sara','Navarro Gil','67890123F','600666777','sara@gmail.com','Av. Sur 99','1234','CLIENTE'),
(8,'Alberto','Ramirez Soto','78901234G','600777888','alberto@gmail.com','Calle Este 10','1234','CLIENTE'),
(9,'Elena','Vargas Cruz','89012345H','600888999','elena@gmail.com','Calle Oeste 3','1234','CLIENTE'),
(10,'David','Ortega Ramos','90123456I','601111222','david@gmail.com','Calle Prado 14','1234','CLIENTE'),
(11,'Paula','Mendez Lara','01234567J','601222333','paula@gmail.com','Av. Centro 1','1234','CLIENTE'),
(12,'Hector','Castro Leon','11223344K','601333444','hector@gmail.com','Calle Real 7','1234','CLIENTE'),
(13,'Andrea','Morales Vega','22334455L','601444555','andrea@gmail.com','Calle Alta 20','1234','CLIENTE'),
(14,'Sergio','Ruiz Blanco','33445566M','601555666','sergio@gmail.com','Av. Mar 5','1234','CLIENTE'),
(15,'Natalia','Gil Soto','44556677N','601666777','natalia@gmail.com','Calle Baja 18','1234','CLIENTE'),
(16,'Victor','Iglesias Pena','55667788O','601777888','victor@gmail.com','Av. Sierra 33','1234','CLIENTE'),
(17,'Claudia','Reyes Cano','66778899P','601888999','claudia@gmail.com','Calle Campo 11','1234','CLIENTE'),
(18,'Raul','Dominguez Vidal','77889900Q','602111222','raul@gmail.com','Calle Rio 9','1234','CLIENTE'),
(19,'Marta','Serrano Rios','88990011R','602222333','marta@gmail.com','Av. Parque 44','1234','CLIENTE'),
(20,'Ivan','Fuentes Rey','99001122S','602333444','ivan@gmail.com','Calle Lago 2','1234','CLIENTE'),
(21,'Cristina','Lopez Pardo','10111213T','602444555','cristina@gmail.com','Calle Monte 6','1234','CLIENTE');

INSERT INTO servicio (id, nombre_servicio, descripcion, precio, duracion_minutos) VALUES
(1,'Cambio de aceite','Sustitucion de aceite y filtro',49.99,45),
(2,'Revision general','Revision completa de 20 puntos',89.99,90),
(3,'Cambio de neumaticos','Sustitucion de 4 neumaticos',299.99,120),
(4,'Alineacion direccion','Ajuste de direccion',39.99,30),
(5,'Cambio de frenos','Sustitucion de pastillas',129.99,60),
(6,'Diagnosis electronica','Analisis OBD',59.99,40),
(7,'Carga aire acondicionado','Recarga de gas',69.99,50),
(8,'Cambio bateria','Sustitucion bateria',119.99,30);


INSERT INTO vehiculo (id, matricula, marca, modelo, tipo, id_usuario) VALUES
(1,'1000AAA','Toyota','Corolla','COCHE',2),
(2,'1001AAA','Honda','Civic','COCHE',2),
(3,'1002AAA','Seat','Ibiza','COCHE',3),
(4,'1003AAA','Ford','Focus','COCHE',3),
(5,'1004AAA','BMW','Serie 1','COCHE',4),
(6,'1005AAA','Audi','A3','COCHE',4),
(7,'1006AAA','Yamaha','MT-07','MOTO',5),
(8,'1007AAA','Kawasaki','Z650','MOTO',5),
(9,'1008AAA','Renault','Clio','COCHE',6),
(10,'1009AAA','Peugeot','208','COCHE',6),
(11,'1010AAA','Volkswagen','Golf','COCHE',7),
(12,'1011AAA','Hyundai','i30','COCHE',7),
(13,'1012AAA','Kia','Sportage','COCHE',8),
(14,'1013AAA','Nissan','Qashqai','COCHE',8),
(15,'1014AAA','Ford','Transit','CAMION',9),
(16,'1015AAA','Citroen','Berlingo','CAMION',9),
(17,'1016AAA','Opel','Corsa','COCHE',10),
(18,'1017AAA','Mazda','CX-3','COCHE',10),
(19,'1018AAA','Suzuki','Swift','COCHE',11),
(20,'1019AAA','Dacia','Sandero','COCHE',11),
(21,'1020AAA','Tesla','Model 3','COCHE',12),
(22,'1021AAA','Mercedes','Clase A','COCHE',12),
(23,'1022AAA','BMW','X1','COCHE',13),
(24,'1023AAA','Audi','Q2','COCHE',13),
(25,'1024AAA','Seat','Leon','COCHE',14),
(26,'1025AAA','Honda','HR-V','COCHE',14),
(27,'1026AAA','Toyota','Yaris','COCHE',15),
(28,'1027AAA','Skoda','Fabia','COCHE',15),
(29,'1028AAA','Volvo','XC40','COCHE',16),
(30,'1029AAA','Fiat','500','COCHE',16),
(31,'1030AAA','Mini','Cooper','COCHE',17),
(32,'1031AAA','Jeep','Renegade','COCHE',17),
(33,'1032AAA','BMW','F800','MOTO',18),
(34,'1033AAA','Kawasaki','Ninja 400','MOTO',18),
(35,'1034AAA','Ford','Ranger','OTROS',19),
(36,'1035AAA','Peugeot','Partner','OTROS',19),
(37,'1036AAA','Hyundai','Tucson','COCHE',20),
(38,'1037AAA','Renault','Megane','COCHE',20),
(39,'1038AAA','Audi','A4','COCHE',21),
(40,'1039AAA','Volkswagen','Polo','COCHE',21);

INSERT INTO cita (id, fecha, hora, estado, id_vehiculo, id_servicio) VALUES
(1,'2025-03-01','09:00:00','PENDIENTE',1,1),
(2,'2025-03-01','10:00:00','COMPLETADA',2,2),
(3,'2025-03-02','11:00:00','COMPLETADA',3,3),
(4,'2025-03-02','12:00:00','CANCELADA',4,4),
(5,'2025-03-03','09:30:00','COMPLETADA',5,5),
(6,'2025-03-03','10:30:00','PENDIENTE',6,6),
(7,'2025-03-04','11:30:00','COMPLETADA',7,7),
(8,'2025-03-04','12:30:00','PENDIENTE',8,8),
(9,'2025-03-05','09:00:00','PENDIENTE',9,1),
(10,'2025-03-05','10:00:00','COMPLETADA',10,2),
(11,'2025-03-06','11:00:00','COMPLETADA',11,3),
(12,'2025-03-06','12:00:00','PENDIENTE',12,4),
(13,'2025-03-07','09:30:00','COMPLETADA',13,5),
(14,'2025-03-07','10:30:00','CANCELADA',14,6),
(15,'2025-03-08','11:30:00','COMPLETADA',15,7),
(16,'2025-03-08','12:30:00','PENDIENTE',16,8),
(17,'2025-03-09','09:00:00','PENDIENTE',17,1),
(18,'2025-03-09','10:00:00','COMPLETADA',18,2),
(19,'2025-03-10','11:00:00','COMPLETADA',19,3),
(20,'2025-03-10','12:00:00','PENDIENTE',20,4),
(21,'2025-03-11','09:30:00','COMPLETADA',21,5),
(22,'2025-03-11','10:30:00','COMPLETADA',22,6),
(23,'2025-03-12','11:30:00','PENDIENTE',23,7),
(24,'2025-03-12','12:30:00','COMPLETADA',24,8),
(25,'2025-03-13','09:00:00','COMPLETADA',25,1),
(26,'2025-03-13','10:00:00','PENDIENTE',26,2),
(27,'2025-03-14','11:00:00','COMPLETADA',27,3),
(28,'2025-03-14','12:00:00','COMPLETADA',28,4),
(29,'2025-03-15','09:30:00','PENDIENTE',29,5),
(30,'2025-03-15','10:30:00','COMPLETADA',30,6),
(31,'2025-03-16','11:30:00','COMPLETADA',31,7),
(32,'2025-03-16','12:30:00','PENDIENTE',32,8),
(33,'2025-03-17','09:00:00','PENDIENTE',33,1),
(34,'2025-03-17','10:00:00','COMPLETADA',34,2),
(35,'2025-03-18','11:00:00','COMPLETADA',35,3),
(36,'2025-03-18','12:00:00','PENDIENTE',36,4),
(37,'2025-03-19','09:30:00','COMPLETADA',37,5),
(38,'2025-03-19','10:30:00','COMPLETADA',38,6),
(39,'2025-03-20','11:30:00','PENDIENTE',39,7),
(40,'2025-03-20','12:30:00','COMPLETADA',40,8),
(41,'2025-03-21','09:00:00','COMPLETADA',1,2),
(42,'2025-03-21','10:00:00','PENDIENTE',2,3),
(43,'2025-03-22','11:00:00','COMPLETADA',3,4),
(44,'2025-03-22','12:00:00','COMPLETADA',4,5),
(45,'2025-03-23','09:30:00','PENDIENTE',5,6),
(46,'2025-03-23','10:30:00','COMPLETADA',6,7),
(47,'2025-03-24','11:30:00','COMPLETADA',7,8),
(48,'2025-03-24','12:30:00','PENDIENTE',8,1),
(49,'2025-03-25','09:00:00','COMPLETADA',9,2),
(50,'2025-03-25','10:00:00','COMPLETADA',10,3),
(51,'2025-03-26','11:00:00','PENDIENTE',11,4),
(52,'2025-03-26','12:00:00','COMPLETADA',12,5),
(53,'2025-03-27','09:30:00','COMPLETADA',13,6),
(54,'2025-03-27','10:30:00','PENDIENTE',14,7),
(55,'2025-03-28','11:30:00','COMPLETADA',15,8),
(56,'2025-03-28','12:30:00','COMPLETADA',16,1),
(57,'2025-03-29','09:00:00','PENDIENTE',17,2),
(58,'2025-03-29','10:00:00','COMPLETADA',18,3),
(59,'2025-03-30','11:00:00','COMPLETADA',19,4),
(60,'2025-03-30','12:00:00','PENDIENTE',20,5),
(61,'2025-03-31','09:30:00','COMPLETADA',21,6),
(62,'2025-03-31','10:30:00','COMPLETADA',22,7),
(63,'2025-04-01','11:30:00','PENDIENTE',23,8),
(64,'2025-04-01','12:30:00','COMPLETADA',24,1),
(65,'2025-04-02','09:00:00','COMPLETADA',25,2),
(66,'2025-04-02','10:00:00','PENDIENTE',26,3),
(67,'2025-04-03','11:00:00','COMPLETADA',27,4),
(68,'2025-04-03','12:00:00','COMPLETADA',28,5),
(69,'2025-04-04','09:30:00','PENDIENTE',29,6),
(70,'2025-04-04','10:30:00','COMPLETADA',30,7),
(71,'2025-04-05','11:30:00','COMPLETADA',31,8),
(72,'2025-04-05','12:30:00','PENDIENTE',32,1),
(73,'2025-04-06','09:00:00','COMPLETADA',33,2),
(74,'2025-04-06','10:00:00','COMPLETADA',34,3),
(75,'2025-04-07','11:00:00','PENDIENTE',35,4),
(76,'2025-04-07','12:00:00','COMPLETADA',36,5),
(77,'2025-04-08','09:30:00','COMPLETADA',37,6),
(78,'2025-04-08','10:30:00','PENDIENTE',38,7),
(79,'2025-04-09','11:30:00','COMPLETADA',39,8),
(80,'2025-04-09','12:30:00','COMPLETADA',40,1);